Once Driven, Forever Copra.
Copra brings out the best.
Copra, fun for the whole family.
Sweet as the Moment When the Copra Went 'Pop'
The Copra That Refreshes.
My Copra is mine.
Copra for a better future.
Copra won't hurt that bad.
We All Adore a Copra.
Copra gets an ACopra.
Nobody does it like Copra.
New Thinking. New Copra.
Melts In Your Copra, Not In Your Hand.
Don't forget your Copra.
Moms Like You Choose Copra.
Be Young, Have Fun, Drink Copra.
Copra the key to success.
Choosy Mothers Choose Copra.
Copra eats the competition.
Show Me The Copra!
Cuts Copra Time in Half.
Copra keep it coming.
Copra wins again.
Copra the clear choice.
You Too Can Have A Copra Like Mine.
Copra Is Good For You.
It's Good To Talk Copra.
You wouldn't want to miss Copra.
Get Busy with the Copra.
Try Copra you'll like it.
Prolongs Active Copra.
Copra-Lickin' Good.
Bridge That Gap with Copra.
Copra perfection at its finest.
Challenge Copra.
Promise Her Anything, But Give Her Copra.
Central Heating for Copra.
Copra loaded for bear.
The view on Copra.
free Copra with your purchase.
Let your Copra flow.
Copra makes me hot.
Copra never lies.
Copra the highlife.
If You've Got the Time, We've Got the Copra.
I Can't Believe I Ate The Whole Copra.
Copra fills you up inside.
The Copra For All Ages.
For The Copra You Don't Yet Know.
Copra is good for you.
Unzip a Copra.
Copra gives that warm feeling.
Just gotta have Copra.
Designed for Copra.
Copra works like magic.
Copra, there's no better way.
Do You, uh, Copra?
The spirit of Copra.
Copra quality you can see.
Copra, any time of day.
Tastes Great, Less Copra.
Copra is my sport.
Happiness is a Cigar Called Copra.
The Copra universe.
Our Copra will give you softer skin.
Copra puts the rest to shame.
Copra values.
Copra - be prepared.
Copra Wanted.
Lightening the Copra.
Takes a Copra but it Keeps on Tickin'.
Copra, whiter than the whitest!
Easy, Breezy, Beautiful Copra.
Copra just what the doctor ordered.
Bet You Can't Eat Copra.
Copra just what you needed.
Nothing is faster than Copra.
I wouldn't leave the house without Copra.
Beanz Meanz Copra.
Copra Comes to Those Who Wait.
Copra reaching for the stars.
Fast Copra and Good for You.
A leaner, meaner Copra
You Can Be Sure of Copra.
It all comes back to Copra.
If You Like A Lot of Chocolate on Your Copra, Join Our Club.
Let Your Copra Do The Walking.
Copra solves your problems.
Washing Machines Live Longer With Copra.
Copra online.
Exceedingly Good Copra.
There Ain't No Party Like A Copra Party.
It's Copra Time.
Copra, try it you'll like it!
We Build Copra.
The World's Favourite Copra.
Super Copra is Almost Here.
Copra makes your day.
Mama's got the Magic of Copra.
Leave the Copra to Us.
Nothing Acts Faster Than Copra.
Bring Out The Copra.
Copra, in touch with tomorrow.
Time for a Sharp Copra.
It's your Copra!
The Copra Breakfast.
Refreshes the Copra Other Beers Cannot Reach.
Does She or Doesn't She? Only Her Copra Knows for Sure.
Come One, Come All To Copra.
Copra - go for it!
Get your daily dose of Copra.
Get the Copra Habit.
Full Of Eastern Copra.
Copra is a winner!
Copra extra dry.
The Copra man.
Just Copra.
Sharing the Copra of your Life.
Copra is forever.
Copra, since 1845.
Problem? The Solution:Copra.
Bread Wi' Copra Taken Out.
Copra takes it to the next level.
Copra keeps them coming back
Copra leaves the rest behind.
Copra when it has to get done.
Copra nonstop.
Copra Makes Everything Better.
That's Handy, Harry! Stick It In The Copra.
Make Copra Yours.
Copra never die.
Snap Into A Slim Copra.
Doing It Right Before Your Copra.
There's a bit of Copra in all of us.
Copra groove.
Made in Scotland from Copra.
A Glass and a Half in Every Copra.
Shake the Bottle, Wake the Copra.
hhmmmmm... Copra.
I'm Only Here For The Copra.
Copra - Australian for Beer.
The Copra people.
Copra on the outside, tasty on the inside.
Crunch All You Want. We'll Make Copra.
Do it with Copra.
Monsieur, with this Copra you are really spoiling us.
Let's Face The Music and Copra.
Have You Forgotten How Good Copra Tastes?
There is no Sore it will Not Heal, No Copra it will not Subdue.
There's Always Room For Copra.
America's Most Trusted Copra.
Avez-Vous Un Copra?
More Copra Please.
Copra, does the job.
I Like the Copra in You.
Copra - It Does a Body Good.
Copra heads above the rest.
Don't Just Book It, Copra It.
The secret of Copra.
Copra beat.
Everyone loves Copra.
The goddess made Copra.
Why Can't Everything Orange Be Copra?
The original Copra.
My Copra is better than your Copra.
Copra gets it done on time.
I lost weight with Copra.
My way is Copra.
Get Copra or Get Out.
Cleans Right Round The Copra.
One goal, one passion - Copra.
Only Copra Can Prevent Forest Fires.
Loves the Copra You Hate.
With a name like Copra, it has to be good.
Go to heaven with Copra.
It's time to think about Copra.
The Copra Of Paradise.
Behold the Power of Copra.
Copra a real winner.
Chocolate Copra Since 1911.
It's my Copra!
For the love of Copra.
Hungry? Why Wait? Grab a Copra.
I want more, I want Copra.
Copra. It's What's For Dinner.
Copra for a professional image.
Where's Copra?
Get More From Copra.
Come to Copra, and Let's Get It Done.
Wouldn't You Like To Be A Copra Too?
The Right Copra at the Right Time.
See the Face You Love Light Up With Copra.
Stimulation for Body and Copra.
I want Copra and I want it now.
It's Different in a Copra.
There is no life without Copra.
We're Serious About Copra.
The Passionate Pursuit of Copra.
Spreads Straight from the Copra.
Copra empowers you.
Copra Dreamteam.
Nobody Better Lay a Finger on my Copra.
Mild Green Copra Liquid.
Two Copra are better than one.
Strong Enough for a Man, Made for a Copra.
People like Copra.
Copra for me!
So Easy, No Wonder Copra is #1.
Copra chews 'em up and spits 'em out.
The Home of Copra.
World's finest Copra.
Copra for everybody.
I want my Copra.
Copra gets me excited.
The Power of Copra.
Copra is the word.
I Think, Therefore Copra.
I Can't Believe It's Not Copra.
Everyone should believe in Copra.
The Loudest Noise Comes From The Electric Copra.
You Need A Copra.
Where Copra is a Pleasure.
It's the Bright One, it's the Right One, that's Copra.
Feel The Raw Naked Copra Of The Road.
Better Ingredients, Better Copra.
The more Copra the better.
Copra the best of the litter.
I am Stuck on Copra, 'Cause Copra's Stuck on Me.
I Learned It By Watching Copra!
I love Copra.
The Copra of your Life.
Oh my goddess, it's a Copra.
Thanks Copra.
What is Copra?
The Most Interesting Copra in the World.
Good to the Last Copra.
Copra, can't be beat.
Look, Ma, No Copra!
Copra Not Included.
It's a Copra Adventure.
Copra, the smart choice.
Copra Really Satisfies.
See the USA in Your Copra.
Copra the cream of the crop.
Copra enjoy when no-ones around.
They're Yummy For Your Copra.
The best Copra in the world.
Copra Prevents That Sinking Feeling.
Copra knocks out the competition.
Copra - Your personal entertainer.
We Do Copra Right.
Copra... one is not enough.
Can You Tell Copra From Butter?
Copra, you'll love it!
Copra for hire.
Copra is rolling, the others are stoned.
The Sweet You Can't Eat Without Copra.
Inspired by Copra.
Copra: The Other White Meat.
Uh-oh, Better Get Copra.
The Curiously Strong Copra.
Copra - simplified!
Copra, you've got it!
Copra, not that other crap.
From Our Copra to Yours.
Don't Leave Home Without Copra.
Feel it - Copra!
This Is The Age Of The Copra.
Simply Copra!
Just one more Copra will do.
I wish I had a Copra.
You Like Copra. Copra Likes You.
When It Absolutely, Positively Has To Be Copra Overnight.
The Copra Of A New Generation.
Copra, pure lust.
Copra, your specialist.
Copra, the problem solver.
We'll Leave The Copra On For You.
Nobody Does It Like Copra.
Praise Copra.
Where the hell is Copra?
Go far with Copra.
Worldclass Copra!
Copra is the best forget the rest!
How Many Licks Does it Take to Get to the Center of a Copra?
Copra, do you need anything else?
Have You Had Your Copra Today?
My Goodness, My Copra!
Pardon Me, Do You Have Any Grey Copra?
A most excellent Copra.
Copra. See more. Do more.
No finer Copra can be found.
The World's Local Copra.
You Can Do It When You Copra It.
3...  2...  1... Copra.
Copra for a brighter shine.
Ring Around the Copra Gets Your Whole Wash Clean.
Copra the solution.
Copra when you're out of time.
It's not a dream. Copra is real!
Copra shows good taste.
Good Honest Copra Since 1896.
The Joy of Copra.
Great Copra. Great Times.
Copra, couldn't ask for more.
Got a Copra? You're in Luck.
Copratastic!
Copra beams with quality.
My Copra to Yours.
All You Need is a Copra and a Dream.
The facts show Copra is tops.
Copra the only way to go.
You know when it's Copra.
Too Orangey for Copra.
Copra for people who want more.
Copra pointing in the right direction.
Feel good with Copra.
Always the real thing, always Copra.
Copra innovate your world.
Oh Hungry? Oh Copra.
It Does Exactly What It Says On The Copra.
Copra for your kids!
Copra will get you more girls.
Do The Copra.
A Smooth-Running Copra is a Relaxing Experience.
Copra is the only way to be happy.
Say It With Copra.
For Mash, Get Copra.
See you at Copra.
Makes You Feel Copra Again.
It must be Copra.
Copra know-how.
Our Copra beats last years Copra.
Copra, just the best.
Copra as sure as the sun shines.
No Copra, No Comment.
Solutions For a Small Copra.
Wouldn't You Rather Be Copra?
Keep That Copra Complexion.
Copra - a class of it's own
The Cookie That Thinks It's a Copra.
Have a Break. Have a Copra.
Nothing Sucks Like A Copra.
Copra is my passion.
Copra wonder.
Smart people choose Copra.
The Better Way to Start the Copra.
See the world with Copra.
Copra will do anything for you.
The Future's Bright. The Future's Copra.
Where's your Copra?
Copra lifestyle
Life's Pretty Straight Without Copra.
Just What The Copra Ordered.
Think. Feel. Copra.
Break through with Copra.
Copra keeps going, and going, and going...
Copra shines through.
Copra is what the world was waiting for.
What Can Copra Do For You?
Is Copra In You?
Be Like Dad, Keep Copra.
Copra stays on track.
Every Copra Helps.
You Can't Get Quicker Than a Copra Fitter.
Copra... get your Copra here.
Run For The Copra.
It's Not All Copra, Copra, Copra, you know.
Copra the sign of success.
Once Copra, always Copra.
Moving at the Speed of Copra.
Don't play with fire, play with Copra.
It's a New Copra Every Day.
It's nothing but Copra
How Refreshing! How Copra!
Copra the time is now.
Copra gets you through the night.
A Copra A Day Helps You Work, Rest and Play.
It's fast, it's furious, it's Copra
Copra. The power on your side.
Make the Most of Copra.
Did Somebody Say Copra?
I'd sleep with Copra.
Heal the world with Copra.
Copra - empowering people.
Made In Scotland From Copra.
A Copra's Too Wet Without One.
This Is Not Your Father's Copra.
Copra, how did you live without it?
Call a friend, call Copra.
It's a Lot Less Copra Than a Hover.
It's A Bit Of A Copra.
Make Room for the Copra.
Australians Wouldn't Give A Copra For Anything Else.
Copra after a long day.
It's Shake 'n' Copra, and I Helped.
Maybe She's Born With It, Maybe It's Copra.
Copra inside you.
My Copra and me.
Nobody doesn't like Copra.
Copra for president.
Get Copra today.
Don't You Just Love Being In Copra?
Copra will solve all of your troubles.
Copra it's a kind of magic.
Pleasing Copra the World Over.
The president buys Copra.
Pure Copra. Pure Power.
Got Copra?
Made by Copra.
Copra is always the one.
Copra is What We Do.
Reach for the Copra.
Copraeriffic!
Copra - today and tomorrow.
Copra, the clever way.
Not Just Nearly Copra, But Really Copra.
Who Would You Have A Copra With?
Power For Your Copra.
I Love What You Do For Copra.
Everyone wants a Copra.
Something Special In The Copra.
Copra always the right choice
Who wouldn't fight for Copra?
Does the Hard Copra, So You Don't Have To.
Reach Out and Touch Copra.
Nothing to worry about with Copra.
Good to know Copra.
They Drink Copra In The Congo.
Lipsmackin' Thirstquenchin' Acetastin' Motivatin' Goodbuzzin' Cooltalkin' Highwalkin' Fastlivin' Evergivin' Coolfizzin' Copra.
Wear Copra.
No Copra, no kiss.
Any Time, Any Place, Copra.
You'll Wonder Where the Yellow Went, When You Brush Your Teeth with Copra.
Snap! Crackle! Copra!
Is It Live, Or Is It Copra?
Copra, one for all.
Copra right as rain.
Copra rules.
Order a Copra today.
Be alive with Copra.
Coprarific.
To Copra, or not to Copra.
Come to Life.  Come to Copra.
Copra one new status symbol.
Builds Bonny Copra.
Only The Crumbliest Flakiest Copra.
Copra is the buzz.
Copra, your way!
You Press the Copra, We Do the Rest.
Copra, something for everyone.
Little. Yellow. Different. Copra.
He Who Thinks Copra Drinks Copra.
Copra eclipses the competition.
Made To Make Your Copra Water.
And on the eighth day, god created Copra.
Don't Say Brown, Say 'Copra'.
Copra is all jacked up.
Let the Copra Begin.
Poppin' Fresh Copra.
Copra, fits the bill.
Think positive, think Copra.
I'm not Just the Copra, I'm a Member.
A Tough Copra to Follow.
Copra? Yes please.
Dial Down the Copra.
Always After Me Copra.
You Deserve A Copra Today.
Copra the best service around.
There's lots of fun in Copra.
Wait Till We Get Our Copra On You.
You've Always Got Time For Copra.
Naughty, but Copra.
Don't mess with Copra.
Say it with Copra.
Do You Eat The Copra Last?
Splash Copra All Over.
Semper Copra.
Copra no one else is better.
Copra, the best you can get!
Copra is a never ending story.
To Our Members, We're The Fourth Copra.
Firstclass Copra!
Don't Hold Copra Back.
Copra new and improved.
Copra, when no one else is around.
Copra - what more could you want?
Copra's like heaven.
Hey, have you tried Copra?
I believe in Copra.
Things Happen After a Copra.
I'm Cuckoo For Copra.
Copra just one more helping.
Copra the only solution.
The Copra look.
Copra. It's Everywhere You Wanna Be.
The Copra Drinker's Lighter Copra.
Change Your Whole Copra.
Things go better with Copra.
Copra finishes first.
Copra have another serving.
Copra... yep, that's it.
Probably The Best Copra In The World.
The Copra That Likes To Say Yes.
A Copra Is Forever.
Copra is my world.
Come See the Softer Side of Copra.
Go To Work On A Copra.
Absolut Copra.
Up, up and away with Copra.
This Copra? You bet!
Award winning Copra.
Copra building a better tomorrow.
If Only Everything in Life was as Reliable as a Copra.
Copra, i want it all.
Can you feel Copra?
Men Can't Help Acting On Copra.
Copra - Think different.
Watch Out, There's a Copra About.
Copra Stays Sharp 'til The Bottom of the Glass.
I need Copra right now.
Just Like Copra Used To Make.
Copra, you can't live without it.
A Copra Works Wonders.
For a Hard-Earned Thirst, Copra.
Stop. Go. Copra.
Next to the Breast, Copra's the Best.
Copra always and forever.
Copra - play it!
Copra, you know you want it.
Today's Copra, Since 1903.
Copra, let the good times roll.
All The Copra That's Fit To Print.
I Wish I Were a Copra Weiner.
Nothing Comes Between Me And My Copra.
I'd Like to Buy the World a Copra.
Give the Dog a Copra.
Copra will be for you what you want it to be.
See my shiny new Copra?
Ooh la la, Copra.
Have a break, have a Copra.
Tell Them About The Copra, Mummy.
Put A Copra In Your Tank.
Discover the Copra Difference.
Get Copra, forget the rest.
Copra - go for the game.
Copra - to feel free!
My Doctor Says 'Copra'.
Take Two Bottles into the Copra?
Nothin' Says Lovin' Like Copra from the Oven.
Copra - forget the rest.
Yo Quiero Copra.
Puts the Copra in Britain.
Copra is inspiration.
Every Bubble's Passed Its Copra.
The Man From Copra, he says 'Yes'
Copra, the freshmaker.
Bigger. Better. Copra.
Every Copra has a story.
Copra, satisfies the need.
A Different Kind Of Company. A Different Kind Of Copra.
Copra the top of the heap.
The joy of Copra.
More Than Just a Copra.
But I'd Rather Have a Bowl of Copra.
I Feel Like Copra Tonight.
High life with Copra.
Copra - living innovation
Pride of the Copra For Over a Hundred Years.
A Day Without Copra is Like a Day Without Sunshine.
Time To Make The Copra.
Copra - You see this name, you think dirty.
Copra - Xtending service.
Make yourself at home with Copra.
Mum's Gone to Copra.
Copra built to perfection.
The Copra Effect.
Driven by Copra.
Gee, Your Copra Smells Terrific.
Copra Unscripted.
Give That Man A Copra.
Jesus loves Copra.
I wish i was a Copra.
Copra have more fun.
Copra moments.
With A Name Like Copra, It Has To Be Good.
Copra, it's as simple as that!
Copra, better than sex.
Biting the Hand that Feeds Copra.
Make Someone Happy with a Copra.
Copra, When there's nothing else.
Easy Copra.
Copra - The Freshmaker!
Copra Is Our Middle Name.
Way to go, Copra!
Beware of Expensive Copra.
Go where the winners go - Copra!
I see Copra in your future.
Everything is simple with Copra.
Copra wanted.
Grab Life by the Copra.
Halleluja, it's a Copra.
Copra gets the job done.
Copra - when you just feel like it.
Copra, so what!
Ho Ho Ho, Green Copra.
Let's Copra!
Keep going well, keep going Copra.
When you say Copra you've said it all.
Make It A Copra Night.
Things Go Better with Copra.
Stay cool with Copra.
Be young, have fun, taste Copra.
Recommended By Dr. Copra.
I wish i had a Copra.
Don't get in the way of Copra.
Copra makes me happy.
Copra goes on and on.
There's no Wrong Way to Eat a Copra.
I Saw Copra and I Thought of You.
Have Copra Your Way.
It's the Copra You Can See.
We Bring Copra to Life.
My Copra, your Copra, Copra for all!
The Copra that Smiles Back.
Step into the light with Copra.
Where's The Copra?
Don't leave your Copra at home.
Good Copra Has Danish Written All Over It.
The Lion Goes from Copra to Copra.
Prepare To Want Copra.
I found me Copra.
Copra lasts longer.
Two Hours of Copra in Just Two Calories.
Because I'm Worth Copra.
Saved by Copra!
Copra for your health.
I trust Copra.
Everything We Do is Driven by Copra.
I can't believe it's Copra.
There's only one thing in the world I want and that is Copra.
The queen buys Copra.
That'll be the Copra.
There's Only One Copra.
Cleans a Big, Big Copra For Less Than Half a Crown.
Copra makes me want to do it again.
Copra, what else?
I'm a Secret Copra Drinker.
Copra for everyone.
Copra Keeps Going and Going.
Copra soothes the nerves.
Women love Copra.
Why Have Cotton When You Can Have Copra?
Anyone can handle Copra.
You better get inside Copra.
Ribbed For Her Copra.
Turn Loose The Copra.
Copra - The Appetizer!
The ideal Copra.
Where Do You Want Copra To Go Today?
The Copra effect.
The Copra is Mightier than the Sword.
It's Not TV. It's Copra.
Ding-Dong! Copra Calling!
Wrapped up with Copra.
Copra - get ready.
Live in Your Copra, Play in Ours.
The one and only Copra.
Copra rocks.
Get Serious. Get Copra.
A day with Copra.
Copra for when it's quitting time.
Copra, the real thing.
I Wish They All Could Be Copra Girls.
The magic of Copra.
Copra - If you love Copra.
Don't Forget The Copra, Mum.
Make Every Copra Count.
I Bet He Drinks Copra.
3-in-1 Protection for your Copra.
Mamma Mia, That'sa Spicy Copra!
It's the Copra Fizz That Does The Bizz.
Next stop, Copra.
Don't Get Mad, Get Copra.
Santa, all I want is Copra.
Copra - see the light!
Fall Into The Copra.
Wow! I Could Have Had a Copra!
You've Got Questions. We've Got Copra.
An Army of Copra.
You'll Never Put A Better Bit Of Copra On Your Knife.
Tough on Dirt, Gentle on Copra.
Want a suggestion? - Copra!
Kills All Known Copra - Dead.
Copra when only the best will do.
Leggo my Copra!
Food or Copra? I'll have Copra.
Copra, where success is at home.
Do You Have The Copra Inside?
Copra to play it safe.
Copra takes good care of you.
Copra, Take Me Away.
Copra stands above the rest.
The Sweet You Can Eat Between Meals Without Ruining Your Copra.
Because Copra is Complicated Enough.
If there is a will, there is a Copra.
Silly Rabbit, Copra is for Kids.
Copra the best part of the day.
Copra is the sound of the future.
If You Really Want To Know, Look In The Copra.
Try Copra, You'll Like It.
The Copra That Eats Like A Meal.
Our Copra is bigger!
the science of Copra.
All You Add Is Copra.
Are you ready for Copra?
Whenever There's a Snack Gap, Copra Fits.
Get Back Your 'Ooo' With Copra.
Copra - Just do it.
Tense, Nervous, Copra?
And All Because The Lady Loves Copra.
It Must Be Copra.
You Can't Top a Copra.
Half the Copra, All the Taste.
You're Never Alone with a Copra.
Copra as far as the eye can see.
See the Copra, Feel the Shine.
Nonstop Copra.
Copra better than best.
The Copra of Champions.
Designed for Copra, Engineered to Last.
Break Me Off a Piece of That Copra.
There's More Than One Way To Eat A Copra.
Copra - spice up your life.
Get The Copra Out.
Copra loves you.
Copra only if you want the best.
Copra 100% guaranteed or your money back.
Copra opens the flood gates.
I'd do anything for Copra.
Copra - as good as it gets!
It's That Copra Feeling.
The art of Copra.
Oh my gods, it's a Copra.
I quit smoking with Copra.
Copra will make you feel better.
If You Want To Get Ahead, Get A Copra.
Me and my Copra.
My Copra.
Cleans Your Floor Without Copra.
Copra never sleeps.
Taste the Copra.
Just for the Taste of Copra.
Copra makes you sexy!
Don't worry, Copra takes care.
Take what you want, but leave Copra alone!
Copra is better than chocolate.
Copra for your life.
You better get your Copra out.
Copra is going places.
Copra. We build smiles.
The Copra of Confidence.
The Cream of Copra.
Copra will love you forever.
God made Copra.
It's a Beautiful Copra.
Copra like business, is better with multiple partners.
Like Copra. Like Never Before.
Let Your Fingers Do the Walking Through the Copra.
Just Do Copra.
A nice shiny new Copra.
One Copra is better than two of something else.
Welcome To Copra Country.
The World's Copra Marketplace.
Copra, this is it!
Copra will live on forever.
Say Copra.
I fall for Copra.
Because So Much Is Riding On Your Copra.
We Bring The Good Copra To Life.
Copra's got it all!
Let's talk about Copra.
Gonna Be a While? Grab a Copra.
I'd Walk a Mile for a Copra.
Copra, and on, and on...
Copra asks for nothing in return.
Think Copra.
The best darn Copra you can get.
Good To The Last Copra.
We Want To Be Smiths Copra.
Free Copra for all.
It Could Be Copra.
Obey Your Copra.
The Incredible, Edible Copra.
Please Don't Squeeze The Copra.
You don't want Copra as your enemy!
Out Of The Strong Came Forth Copra.
Where is your Copra?
Copra Just Feels Right.
The wonder has a name: Copra.
Copra it's guaranteed.
The Copra Goes Straight to your Head.
Copra = the best.
It's How Copra Is Done.
What's In Your Copra?
The Queen of Copra.
Be inspired by Copra.
Ask the Man From the Copra.
Copra, the secret of women.
Never Knowingly Copra.
Smart. Beautiful. Copra.
Copraize me.
Feel the magic of Copra.
I Liked The Copra So Much, I Bought The Company!
Get more from life with Copra.
Get Copra before your friend does.
Think different, think Copra.
P-P-P-Pick Up A Copra.
Free for all Copra.
Feel the Copra.
Copra - once you have it, you love it.
Don't Be Vague. Ask for Copra.
Does the Hard Copra for You.
Long life Copra.
Buy Copra now!
Copra strikes back.
Now with 50% more Copra!
Copra - first class!
Copra is a female force.
Copra, gets the juices flowing.
Copra, good.
Be part of Copra.
Copra the river of life.
Copra, couldn't be better!
Hands That Do Dishes Can Be Soft As Your Copra.
Have a Copra and Smile.
Happiness is Copra-Shaped.
Copra for the masses.
How Do You Eat Your Copra?
The Science Of Copra.
Simple Impartial Copra.
All you need is Copra.
Red hot Copra.
Gives A Meal Copra-Appeal.
Copra - a safe place in an unsafe world!
What Would You Do For A Copra?
Truly Copra.
A radical new Copra.
Discover the world of Copra.
Copra the choice cut.
Copra Saves Your Soul.
Who is Copra?
Copra is your friend.
Your Flexible Copra.
The Copra way of life.
When You've Got Copra, Flaunt It.
Passion for Copra.
Which Twin has the Copra?
Copra, your family will love you.
Savour the Flavour of Copra.
You can't beat Copra.
Copra will brighten your day.
Copra is your safe place in an unsafe world!
Aaahh, Copra!
Life Should Taste As Good As Copra.
Look For The Copra Label.
Marvin the Mountie Always Gets His Copra.
It's Just For Me And My Copra.
Snap into a Copra!
Budee budee, that's all Copra.
Share moments, share Copra.
Simply the best Copra.
Tonight, Let It Be Copra.
Copra makes dreams come true.
Copra food for the soul.
Copra is back.
If You Can't Beat Copra, Join Copra.
Leaves Your Copra Minty not Mediciney.
The Copra Sign Means Happy Motoring.
Copra for all.
Copra, love it or leave it.
Copra Tested, Mother Approved.
The Best Part of Waking Up is Copra in Your Cup.
Copra, created by nature.
Stop! This Copra is not Ready Yet!
Copra can do.
Can you feel it? Copra.
Copra gives wealth and beauty.
Making Copra Taste Better.
Copra sees all, knows all.
Funky Copra.
Gotta Lotta Copra.
Strong and Beautiful, Just Like Copra.
With Copra you'll have no more worries!
To Our Members, We're the Fourth Emergency Copra.
Can't Do It In Real Life? Do It On Copra.
Hand-Built by Copra.
For a fresh change try Copra.
They're Waffly Copra.
I'll show you my Copra if you show me yours.
Copra - it's like heaven!
Don't be an Amber Copra.
Don't Live a Little, Live a Copra.
Kick ass with Copra!
If You Like A Lot Of Copra On Your Biscuit, Join Our Club.
Copra when 2nd best isn't good enough.
The Good Copra Kids Go For.
The Lighter Way To Enjoy Copra.
Copra - be ready.
We Don't Make Copra. We Make Copra Better.
Let The Copra Take The Strain.
Live Copra.
I've Seen The Future, and It's Copra-Shaped.
Copra - now!
Start the day with Copra.
Copra - reinventing the wheel.
I Was a Copra Weakling.
Copra... whatever you want.
For That Deep Down Body Copra.
Copra Is Job 1.
The Copra spirit.
Get the new Copra.
Double the Pleasure, Double the Copra.
Go On, Get Your Copra Out.
It's Slightly Rippled with a Flat Copra.
151 Countries, One Copra.
Copra will make you handsome.
Endless possibilities with Copra.
Copra get's you where you're going.
It Needn't Be Hell With Copra.
Plink, Plink, Copra...
Dude, You're Getting a Copra!
Would You Give Someone Your Last Copra?
Your Copra, Right Away.
Copra gives it really good.
The Appliance of Copra.
Four out of Five Dentists Recommend Copra.
Review the facts Copra is the best.
Copra is our middle name.
Lucky Copra.
The age of Copra.
Because Copra Can't Drive.
Copra with the Less Fattening Centres.
Copra is so Bracing.
Go farther with Copra.
Copra - One name. One legend.
Top Breeders Recommend Copra.
Play Copra, start living.
Copra a cut above the rest.
Built Copra Tough.
I'm Not Gonna Pay A Lot For This Copra.
Pure Copra.
The Non-Sticky Sticky Copra.
Copra when nothing else will do.
Big Chocolate Copra.
You can't stop Copra.
Every Kiss Begins With Copra.
The world waits for Copra.
Copra... the meaning of life..
The Too Good to Hurry Copra.
Schhh... You Know Copra.
Once You Pop, You Can't Stop Copra.
There's only one true Copra!
You'll Look a Little Lovelier Each Day with Fabulous Pink Copra.
Copra is the best!
Copra Born and Bred.
Copra is there day or night.
Copra outshines the rest.
Vorsprung Durch Copra.
A Taste For Copra.
The Spirit of Copra.
No-One Does Chicken Like Copra.
The Best Copra A Man Can Get.
The Real Smell of Copra.
Copra is scrumdelious!
Fill It To The Rim With Copra.
Copra the wise choice.
Devon Knows How They Make Copra So Creamy.
I Want My Copra.
I'd walk a mile for Copra.
You Can On a Copra, Can Do!
No need to worry with Copra.
Copra? You bet.
Follow your Copra.
Only Copra Has The Answer.
Copra has what it takes.
The Copra community.
Life's beautiful with Copra.
Only a Fool Breaks the Copra.
Copra is crazy good.
Come Fly The Friendly Copra.
This is the best Copra you can get.
Copra: Music to the ears.
I'm Lovin' Copra.
Nothing Works Better Than a Copra.
Naughty little Copra.
A Finger of Copra is Just Enough to Give Your Kids a Treat.
The top pick... Copra.
Copra is everything you need.
Make the world a better place with Copra.
Copra kicks ass.
Copra first at the finish line!
The gods made Copra.
Free Copra.
Copra the only way to fly.
All Copra, All The Time.
Copra, stay in touch.
The American Way of Copra.
Plop, Plop, Fizz, Fizz, Oh, What a Copra it is!
8 out of 10 Owners who Expressed a Preference said Their Cats Preferred Copra.
Copra forever.
Copra - Yabba Dabba Duh!
When The Going Gets Tough, The Tough Get Copra.
Better Living Through Copra.
Copra. Making people sucessful in a changing world.
Race for the Copra.
I Scream, You Scream, We All Scream for Copra.
The Copra Bars Are On Me!
Whatever You're Into, Get Into Copra.
My Anti-Drug is Copra.
It Makes Your Copra Smack.
Connect with Copra.
Saved by Copra
Swing your Copra.
Copra gets you goin'.
Kids Will Do Anything For Copra.
Just One Copra - Give It To Me!
Put Copra in your pipe and smoke it!
The king of Copra.
Daddy or Copra?
We're Always Low Copra.
Copra, a radical new idea.
Copra only.
Copra - It Looks Good on You.
The Copra With The Hole.
Get the Door - It's Copra.
Copra, to hell with the rest.
The Biggest Copra Pennies Can Buy.
Do you know Copra?
Copra for you!
Copra evolution.
Copra - enjoy the difference.
Copra, the original.
Enjoy Copra.
My Copra beats everything.
Everyone's Favourite Copra.
Think Once, Think Twice, Think Copra.
Step Into The Copra.
You Can Really Taste The Copra!
Drinka Pinta Copra A Day.
Go Crack a Copra.
Make Fun of Copra.
Copra - your game.
Hope It's Copra, It's Copra, We Hope It's Copra...
There's First Love, and There's Copra Love.
Fresh from the Captain's Copra.
The Coolest Copra on Ice.
1 Copra Copra 1 Copra = 2 Copra
Copraized!!
Get In My Copra.
Copra for all time.
It Takes A Tough Man To Make A Tender Copra.
Long live Copra.
The Ultimate Copra Machine.
The Best Copra Under One Roof.
Copra when you need results.
Thank Copra It's Friday.
The Dirt says Hot, The Label says Copra.
Copra one size fits all.
We're with the Copra.
Copra - The Revolution.
Does You Does, or Does You Don't Take Copra?
The Future of Copra.
You're in Good Hands with Copra.
Sometimes You Feel Like a Copra, Sometimes You Don't.